{"DATASET_NAME": "layout", "CUDA": true, "DATA_DIR": "/Users/arunachalamm/Files/Programming/fyp/Phase_2/HPGM-master/MultiLayerDataset", "GT_DATA_DIR": "", "INDICATOR_DIR": "", "GPU": "0", "CONFIG_NAME": "MultiLayer", "DATASET": "eval", "TRAIN": {"FLAG": true, "BATCH_SIZE": 1, "MAX_EPOCH": 1600, "TAU": 100.0, "ROOM_HIDDERN_DIM": 8, "SCORE_HIDDERN_DIM": 32, "EVALUATOR": "", "GENERATOR_MODEL": "", "SAMPLE_NUM": 20, "BATCH": false, "MARGIN": 1.0, "GENERATOR": false, "ROOM_GEN_HIDDERN_DIM": 64, "BIDIRECTIONAL": false, "CONSTRAINT_RULES": [1, 2, 3, 4, 5]}, "EVAL": {"OUTPUT_DIR": "", "MODEL_EVALUATOR": "", "MODEL_GENERATOR": "", "TEST_INDEX": 1, "EVAL_METRIC": 1}, "EVALUATOR": {"LR": 0.0001, "WEIGHT_DECAY": 0.0005}, "GENERATOR": {"LR": 0.0001, "WEIGHT_DECAY": 0.0005, "ALPHA": 20, "BETA": 0, "LOSS": "", "MAX_EPOCH": 0}}
